,cns subregion,sample group
GSM3533230,Frontal Cortex,ALS Spectrum MND
GSM3533231,Frontal Cortex,ALS Spectrum MND
GSM3533232,Frontal Cortex,ALS Spectrum MND
GSM3533233,Frontal Cortex,ALS Spectrum MND
GSM3533234,Frontal Cortex,ALS Spectrum MND
GSM3533235,Frontal Cortex,ALS Spectrum MND
GSM3533236,Frontal Cortex,ALS Spectrum MND
GSM3533237,Frontal Cortex,ALS Spectrum MND
GSM3533238,Frontal Cortex,Non-Neurological Control
GSM3533239,Frontal Cortex,ALS Spectrum MND
GSM3533240,Frontal Cortex,ALS Spectrum MND
GSM3533241,Frontal Cortex,ALS Spectrum MND
GSM3533242,Frontal Cortex,ALS Spectrum MND
GSM3533243,Motor Cortex (Medial),ALS Spectrum MND
GSM3533244,Motor Cortex (Medial),ALS Spectrum MND
GSM3533245,Motor Cortex (Medial),ALS Spectrum MND
GSM3533246,Motor Cortex (Medial),ALS Spectrum MND
GSM3533247,Motor Cortex (Medial),ALS Spectrum MND
GSM3533248,Motor Cortex (Medial),ALS Spectrum MND
GSM3533249,Motor Cortex (Medial),ALS Spectrum MND
GSM3533250,Motor Cortex (Medial),ALS Spectrum MND
GSM3533251,Motor Cortex (Medial),Non-Neurological Control
GSM3533252,Motor Cortex (Medial),ALS Spectrum MND
GSM3533253,Motor Cortex (Medial),ALS Spectrum MND
GSM3533254,Motor Cortex (Lateral),ALS Spectrum MND
GSM3533255,Motor Cortex (Lateral),ALS Spectrum MND
GSM3533256,Motor Cortex (Lateral),ALS Spectrum MND
GSM3533257,Motor Cortex (Lateral),ALS Spectrum MND
GSM3533258,Motor Cortex (Lateral),ALS Spectrum MND
GSM3533259,Motor Cortex (Lateral),Non-Neurological Control
GSM3533260,Motor Cortex (Lateral),ALS Spectrum MND
GSM3533261,Motor Cortex (Lateral),ALS Spectrum MND
GSM3533262,Motor Cortex,ALS Spectrum MND
GSM3533263,Frontal Cortex,ALS Spectrum MND
GSM3533264,Frontal Cortex,ALS Spectrum MND
GSM3533265,Frontal Cortex,ALS Spectrum MND
GSM3533266,Frontal Cortex,Non-Neurological Control
GSM3533267,Frontal Cortex,ALS Spectrum MND
GSM3533268,Frontal Cortex,ALS Spectrum MND
GSM3533269,Motor Cortex (Medial),ALS Spectrum MND
GSM3533270,Motor Cortex (Medial),ALS Spectrum MND
GSM3533271,Motor Cortex (Medial),ALS Spectrum MND
GSM3533272,Motor Cortex (Medial),Non-Neurological Control
GSM3533273,Motor Cortex (Medial),ALS Spectrum MND
GSM3533274,Motor Cortex (Medial),ALS Spectrum MND
GSM3533275,Motor Cortex (Lateral),ALS Spectrum MND
GSM3533276,Motor Cortex (Lateral),ALS Spectrum MND
GSM3533277,Motor Cortex (Lateral),Non-Neurological Control
GSM3533278,Motor Cortex (Lateral),ALS Spectrum MND
GSM3533279,Motor Cortex (Lateral),ALS Spectrum MND
GSM3533280,Frontal Cortex,ALS Spectrum MND
GSM3533281,Frontal Cortex,ALS Spectrum MND
GSM3533282,Frontal Cortex,Non-Neurological Control
GSM3533283,Frontal Cortex,ALS Spectrum MND
GSM3533284,Frontal Cortex,ALS Spectrum MND
GSM3533285,Frontal Cortex,ALS Spectrum MND
GSM3533286,Frontal Cortex,ALS Spectrum MND
GSM3533287,Frontal Cortex,ALS Spectrum MND
GSM3533288,Frontal Cortex,ALS Spectrum MND
GSM3533289,Motor Cortex (Medial),ALS Spectrum MND
GSM3533290,Motor Cortex (Medial),Non-Neurological Control
GSM3533291,Motor Cortex (Medial),ALS Spectrum MND
GSM3533292,Motor Cortex (Medial),ALS Spectrum MND
GSM3533293,Motor Cortex (Medial),ALS Spectrum MND
GSM3533294,Motor Cortex (Lateral),ALS Spectrum MND
GSM3533295,Motor Cortex (Lateral),ALS Spectrum MND
GSM3533296,Motor Cortex (Lateral),ALS Spectrum MND
GSM3533297,Motor Cortex,ALS Spectrum MND
GSM3533298,Motor Cortex (Medial),Other Neurological Disorders
GSM3533299,Motor Cortex (Lateral),Other Neurological Disorders
GSM3533300,Frontal Cortex,Other Neurological Disorders
GSM3533301,Motor Cortex (Medial),ALS Spectrum MND
GSM3533302,Motor Cortex (Lateral),ALS Spectrum MND
GSM3533303,Frontal Cortex,ALS Spectrum MND
GSM3533304,Motor Cortex (Medial),ALS Spectrum MND
GSM3533305,Motor Cortex (Lateral),ALS Spectrum MND
GSM3533306,Frontal Cortex,ALS Spectrum MND
GSM3533307,Motor Cortex (Lateral),ALS Spectrum MND
GSM3533308,Motor Cortex (Medial),ALS Spectrum MND
GSM3533309,Motor Cortex (Lateral),ALS Spectrum MND
GSM3533310,Frontal Cortex,ALS Spectrum MND
GSM3533311,Motor Cortex (Medial),ALS Spectrum MND
GSM3533312,Motor Cortex (Lateral),ALS Spectrum MND
GSM3533313,Frontal Cortex,ALS Spectrum MND
GSM3533314,Motor Cortex (Medial),ALS Spectrum MND
GSM3533315,Motor Cortex (Lateral),ALS Spectrum MND
GSM3533316,Frontal Cortex,ALS Spectrum MND
GSM3533317,Motor Cortex (Medial),ALS Spectrum MND
GSM3533318,Motor Cortex (Lateral),ALS Spectrum MND
GSM3533319,Motor Cortex (Medial),ALS Spectrum MND
GSM3533320,Motor Cortex (Lateral),ALS Spectrum MND
GSM3533321,Frontal Cortex,ALS Spectrum MND
GSM3533322,Motor Cortex (Medial),ALS Spectrum MND
GSM3533323,Motor Cortex (Lateral),ALS Spectrum MND
GSM3533324,Frontal Cortex,ALS Spectrum MND
GSM3533325,Motor Cortex (Medial),ALS Spectrum MND
GSM3533326,Motor Cortex (Lateral),ALS Spectrum MND
GSM3533327,Motor Cortex (Medial),ALS Spectrum MND
GSM3533328,Motor Cortex (Lateral),ALS Spectrum MND
GSM3533329,Frontal Cortex,ALS Spectrum MND
GSM3533330,Motor Cortex (Medial),Other Neurological Disorders
GSM3533331,Motor Cortex (Lateral),Other Neurological Disorders
GSM3533332,Motor Cortex (Medial),Other Neurological Disorders
GSM3533333,Motor Cortex (Lateral),Other Neurological Disorders
GSM3533334,Frontal Cortex,Other Neurological Disorders
GSM3533335,Motor Cortex (Lateral),Other Neurological Disorders
GSM3533336,Frontal Cortex,Other Neurological Disorders
GSM3533337,Frontal Cortex,ALS Spectrum MND
GSM3533338,Motor Cortex (Medial),ALS Spectrum MND
GSM3533339,Motor Cortex (Lateral),ALS Spectrum MND
GSM3533340,Frontal Cortex,ALS Spectrum MND
GSM3533341,Motor Cortex (Medial),ALS Spectrum MND
GSM3533342,Motor Cortex (Lateral),ALS Spectrum MND
GSM3533343,Frontal Cortex,ALS Spectrum MND
GSM3533344,Motor Cortex (Lateral),ALS Spectrum MND
GSM3533345,Frontal Cortex,ALS Spectrum MND
GSM3533346,Frontal Cortex,Other Neurological Disorders
GSM3533347,Frontal Cortex,ALS Spectrum MND
GSM3533348,Frontal Cortex,ALS Spectrum MND
GSM3533349,Frontal Cortex,ALS Spectrum MND
GSM3533350,Frontal Cortex,ALS Spectrum MND
GSM3533351,Motor Cortex (Medial),ALS Spectrum MND
GSM3533352,Motor Cortex (Lateral),ALS Spectrum MND
GSM3533353,Frontal Cortex,ALS Spectrum MND
GSM3533354,Motor Cortex (Medial),ALS Spectrum MND
GSM3533355,Motor Cortex (Lateral),ALS Spectrum MND
GSM3533356,Motor Cortex (Lateral),ALS Spectrum MND
GSM3533357,Frontal Cortex,ALS Spectrum MND
GSM3533358,Motor Cortex (Lateral),ALS Spectrum MND
GSM3533359,Frontal Cortex,ALS Spectrum MND
GSM3533360,Motor Cortex (Medial),ALS Spectrum MND
GSM3533361,Motor Cortex (Lateral),ALS Spectrum MND
GSM3533362,Motor Cortex,ALS Spectrum MND
GSM3533363,Motor Cortex (Lateral),ALS Spectrum MND
GSM3533364,Motor Cortex (Medial),ALS Spectrum MND
GSM3533365,Motor Cortex (Lateral),ALS Spectrum MND
GSM3533366,Motor Cortex (Medial),Non-Neurological Control
GSM3533367,Motor Cortex (Lateral),Non-Neurological Control
GSM3533368,Motor Cortex (Lateral),Non-Neurological Control
GSM3533369,Frontal Cortex,ALS Spectrum MND
GSM3533370,Motor Cortex,ALS Spectrum MND
GSM3533371,Motor Cortex,ALS Spectrum MND
GSM3533372,Motor Cortex (Medial),ALS Spectrum MND
GSM3533373,Motor Cortex (Lateral),ALS Spectrum MND
GSM3533374,Frontal Cortex,ALS Spectrum MND
GSM3533375,Frontal Cortex,ALS Spectrum MND
GSM3533376,Frontal Cortex,ALS Spectrum MND
GSM3533377,Frontal Cortex,ALS Spectrum MND
GSM3533378,Frontal Cortex,ALS Spectrum MND
GSM3533379,Frontal Cortex,Other Neurological Disorders
GSM3533380,Frontal Cortex,Other Neurological Disorders
GSM3533381,Frontal Cortex,Non-Neurological Control
GSM3533382,Frontal Cortex,ALS Spectrum MND
GSM3533383,Frontal Cortex,ALS Spectrum MND
GSM3533384,Frontal Cortex,ALS Spectrum MND
GSM3533385,Frontal Cortex,Non-Neurological Control
GSM3533386,Frontal Cortex,ALS Spectrum MND
GSM3533387,Frontal Cortex,Non-Neurological Control
GSM3533388,Frontal Cortex,ALS Spectrum MND
GSM3533389,Frontal Cortex,Other Neurological Disorders
GSM3533390,Motor Cortex (Medial),ALS Spectrum MND
GSM3533391,Motor Cortex (Medial),ALS Spectrum MND
GSM3533392,Motor Cortex (Lateral),ALS Spectrum MND
GSM3533393,Frontal Cortex,Non-Neurological Control
GSM3533394,Frontal Cortex,Non-Neurological Control
GSM3533395,Frontal Cortex,ALS Spectrum MND
GSM3533396,Frontal Cortex,Non-Neurological Control
GSM3533397,Frontal Cortex,ALS Spectrum MND
GSM3533398,Frontal Cortex,ALS Spectrum MND
GSM3533399,Frontal Cortex,ALS Spectrum MND
GSM3533400,Frontal Cortex,ALS Spectrum MND
GSM3533401,Frontal Cortex,ALS Spectrum MND
GSM3533402,Frontal Cortex,ALS Spectrum MND
GSM3533403,Frontal Cortex,ALS Spectrum MND
GSM3533404,Frontal Cortex,ALS Spectrum MND
GSM3533405,Frontal Cortex,ALS Spectrum MND
